username,cardname
xuefei,flask
xuefei,light_bulb
xuefei,magnet
xuefei,tubes
xuefei,battery
xuefei,scale
xuefei,magnifying_glass
xuefei,bunsen_burner
xuefei,microscope
xuefei,virus
xuefei,dna
xuefei,force
xuefei,atom
xuefei,albert_einstein
xuefei,torch
xuefei,pickaxe
xuefei,minecart
xuefei,gold
xuefei,cave_spider
xuefei,helmet
xuefei,diamond
leckim,flask
leckim,light_bulb
leckim,magnet
leckim,tubes
leckim,battery
leckim,scale
leckim,magnifying_glass
leckim,bunsen_burner
leckim,microscope
leckim,virus
leckim,dna
leckim,force
leckim,atom
leckim,albert_einstein
leckim,torch
leckim,pickaxe
leckim,minecart
leckim,gold
leckim,cave_spider
leckim,helmet
leckim,diamond
rong,flask
rong,light_bulb
rong,magnet
rong,tubes
rong,battery
rong,scale
rong,magnifying_glass
rong,bunsen_burner
rong,microscope
rong,virus
rong,dna
rong,force
rong,atom
rong,albert_einstein
rong,torch
rong,pickaxe
rong,minecart
rong,gold
rong,cave_spider
rong,helmet
rong,diamond
leckim,light_bulb
leckim,bunsen_burner
leckim,tubes
leckim,light_bulb
leckim,light_bulb
leckim,virus
leckim,flask
leckim,flask
leckim,flask
leckim,light_bulb
leckim,light_bulb
leckim,scale
leckim,torch
leckim,atom
leckim,flask
test_user,blue
test_user,green
test_user,purple
test_user,red
test_user,white
test_user,kerygmachela
test_user,tiger_mackerel
test_user,torch
test_user,flask
gibbonaci,blue
gibbonaci,green
gibbonaci,purple
gibbonaci,red
gibbonaci,white
gibbonaci,kerygmachela
gibbonaci,tiger_mackerel
skibidi,blue
skibidi,green
skibidi,purple
skibidi,red
skibidi,white
skibidi,kerygmachela
skibidi,tiger_mackerel
hummingbird,blue
hummingbird,green
hummingbird,purple
hummingbird,red
hummingbird,white
hummingbird,kerygmachela
hummingbird,tiger_mackerel

